Site,BL
1.0,3.0718000000000005
1565.0,3.0718000000000005
1566.0,2.0015
5778.0,2.0015
5779.0,2.0015
10000.0,2.0015
